{
    "de": {
        "confidence": 0.9999995886222014,
        "correct": 991,
        "count": 1000,
        "de": 991,
        "en": 3,
        "highest": 0.999999741090408,
        "highest_classfication": "de",
        "lowest": 0.001604646838373025,
        "lowest_classification": "en",
        "nl": 2,
        "percentage": 99.1,
        "pt": 1,
        "sk": 3
    },
    "en": {
        "confidence": 0.9634711336835249,
        "correct": 995,
        "count": 1000,
        "da": 1,
        "de": 1,
        "el": 1,
        "en": 995,
        "highest": 0.9999997410896508,
        "highest_classfication": "en",
        "lowest": 0.00013388357833526987,
        "lowest_classification": "en",
        "nl": 1,
        "percentage": 99.5,
        "pt": 1
    },
    "es": {
        "confidence": 0.9840603514464639,
        "correct": 995,
        "count": 1000,
        "el": 1,
        "es": 995,
        "fr": 1,
        "highest": 0.9999997410904077,
        "highest_classfication": "es",
        "lowest": 0.0004192447225803697,
        "lowest_classification": "es",
        "percentage": 99.5,
        "pt": 2,
        "ro": 1
    },
    "fr": {
        "confidence": 0.9999687300034246,
        "correct": 983,
        "count": 1000,
        "es": 5,
        "et": 1,
        "fr": 983,
        "highest": 0.9999997410904078,
        "highest_classfication": "fr",
        "lowest": 0.003948879360737123,
        "lowest_classification": "fr",
        "nl": 1,
        "percentage": 98.3,
        "pt": 1,
        "sk": 3,
        "sl": 6
    },
    "sv": {
        "confidence": 0.8035350184280388,
        "correct": 969,
        "count": 1000,
        "da": 12,
        "de": 1,
        "es": 2,
        "fi": 1,
        "highest": 0.999999741090407,
        "highest_classfication": "sv",
        "hu": 2,
        "it": 1,
        "lowest": 5.541081982141094e-08,
        "lowest_classification": "sv",
        "nl": 4,
        "percentage": 96.89999999999999,
        "sk": 8,
        "sv": 969
    }
}
