{
    "da": {
        "confidence": 0.9964645735306688,
        "correct": 982,
        "count": 1000,
        "da": 982,
        "de": 2,
        "en": 1,
        "es": 1,
        "fi": 1,
        "fr": 2,
        "highest": 0.9999997410904066,
        "highest_classfication": "da",
        "lowest": 3.936406756110955e-11,
        "lowest_classification": "en",
        "percentage": 98.2,
        "pt": 1,
        "ro": 2,
        "sk": 4,
        "sv": 4
    },
    "de": {
        "confidence": 0.9999993339459914,
        "correct": 991,
        "count": 1000,
        "de": 991,
        "en": 3,
        "highest": 0.999999741090408,
        "highest_classfication": "de",
        "lowest": 0.001604646838373025,
        "lowest_classification": "en",
        "nl": 2,
        "percentage": 99.1,
        "pt": 1,
        "sk": 3
    },
    "el": {
        "confidence": 0.2532430539840044,
        "correct": 21,
        "count": 1000,
        "de": 5,
        "el": 21,
        "en": 2,
        "es": 25,
        "et": 39,
        "fi": 1,
        "fr": 4,
        "highest": 0.9999994183012769,
        "highest_classfication": "it",
        "hu": 6,
        "it": 1,
        "lowest": 2.3329475734024108e-06,
        "lowest_classification": "el",
        "nl": 2,
        "percentage": 2.1,
        "pl": 14,
        "pt": 3,
        "ro": 10,
        "sk": 864,
        "sl": 2,
        "sv": 1
    },
    "en": {
        "confidence": 0.745946907531948,
        "correct": 995,
        "count": 1000,
        "da": 1,
        "de": 1,
        "el": 1,
        "en": 995,
        "highest": 0.9999997410896508,
        "highest_classfication": "en",
        "lowest": 0.00013388357833526987,
        "lowest_classification": "en",
        "nl": 1,
        "percentage": 99.5,
        "pt": 1
    },
    "es": {
        "confidence": 0.9987482345627501,
        "correct": 995,
        "count": 1000,
        "el": 1,
        "es": 995,
        "fr": 1,
        "highest": 0.9999997410904077,
        "highest_classfication": "es",
        "lowest": 0.0004192447225803697,
        "lowest_classification": "es",
        "percentage": 99.5,
        "pt": 2,
        "ro": 1
    },
    "et": {
        "confidence": 0.9801979829887011,
        "correct": 939,
        "count": 1000,
        "da": 2,
        "el": 4,
        "en": 2,
        "et": 939,
        "fi": 19,
        "fr": 9,
        "highest": 0.9999997410887397,
        "highest_classfication": "et",
        "hu": 2,
        "it": 4,
        "lowest": 2.2739047307984706e-05,
        "lowest_classification": "nl",
        "nl": 4,
        "percentage": 93.89999999999999,
        "pl": 1,
        "pt": 1,
        "ro": 1,
        "sk": 11,
        "sv": 1
    },
    "fi": {
        "confidence": 0.5257581382485306,
        "correct": 905,
        "count": 1000,
        "da": 2,
        "el": 2,
        "en": 1,
        "es": 6,
        "et": 31,
        "fi": 905,
        "fr": 5,
        "highest": 0.999999740705813,
        "highest_classfication": "fi",
        "hu": 1,
        "it": 1,
        "lowest": 2.2132012988673733e-05,
        "lowest_classification": "el",
        "nl": 7,
        "percentage": 90.5,
        "pl": 1,
        "sk": 37,
        "sl": 1
    },
    "fr": {
        "confidence": 0.7433391235652974,
        "correct": 983,
        "count": 1000,
        "es": 5,
        "et": 1,
        "fr": 983,
        "highest": 0.9999997410904078,
        "highest_classfication": "fr",
        "lowest": 0.003948879360737123,
        "lowest_classification": "fr",
        "nl": 1,
        "percentage": 98.3,
        "pt": 1,
        "sk": 3,
        "sl": 6
    },
    "hu": {
        "confidence": 0.48433432151137146,
        "correct": 942,
        "count": 1000,
        "da": 1,
        "el": 1,
        "en": 3,
        "es": 2,
        "et": 3,
        "fr": 1,
        "highest": 0.9999997410470759,
        "highest_classfication": "hu",
        "hu": 942,
        "it": 3,
        "lowest": 7.206059420744593e-05,
        "lowest_classification": "hu",
        "nl": 10,
        "percentage": 94.19999999999999,
        "ro": 1,
        "sk": 33
    },
    "it": {
        "confidence": 0.9827529762631324,
        "correct": 991,
        "count": 1000,
        "es": 5,
        "highest": 0.9999997410904078,
        "highest_classfication": "it",
        "it": 991,
        "lowest": 0.0011305042445325375,
        "lowest_classification": "it",
        "percentage": 99.1,
        "sk": 4
    },
    "nl": {
        "confidence": 0.9949128103901944,
        "correct": 999,
        "count": 1000,
        "en": 1,
        "highest": 0.9999997410904076,
        "highest_classfication": "nl",
        "lowest": 0.049940924480174564,
        "lowest_classification": "nl",
        "nl": 999,
        "percentage": 99.9
    },
    "overall": 90.64705882352942,
    "pl": {
        "confidence": 0.39984111333595973,
        "correct": 900,
        "count": 1000,
        "da": 1,
        "de": 1,
        "el": 23,
        "en": 7,
        "es": 4,
        "et": 3,
        "fr": 1,
        "highest": 0.9999997401089765,
        "highest_classfication": "pl",
        "it": 2,
        "lowest": 7.203617369777593e-06,
        "lowest_classification": "et",
        "nl": 2,
        "percentage": 90.0,
        "pl": 900,
        "pt": 8,
        "ro": 5,
        "sk": 33,
        "sl": 7,
        "sv": 3
    },
    "pt": {
        "confidence": 0.2834361011665123,
        "correct": 965,
        "count": 1000,
        "es": 27,
        "highest": 0.9999997410903952,
        "highest_classfication": "pt",
        "lowest": 1.2163070550741395e-10,
        "lowest_classification": "pt",
        "percentage": 96.5,
        "pl": 1,
        "pt": 965,
        "ro": 1,
        "sk": 6
    },
    "ro": {
        "confidence": 0.9615727564007466,
        "correct": 978,
        "count": 1000,
        "de": 1,
        "el": 2,
        "es": 6,
        "fr": 4,
        "highest": 0.9999997410903129,
        "highest_classfication": "ro",
        "it": 1,
        "lowest": 3.948321151692191e-06,
        "lowest_classification": "ro",
        "nl": 1,
        "percentage": 97.8,
        "pt": 1,
        "ro": 978,
        "sk": 6
    },
    "sk": {
        "confidence": 0.9345803767684373,
        "correct": 884,
        "count": 1000,
        "da": 4,
        "el": 5,
        "en": 6,
        "es": 1,
        "et": 6,
        "fi": 2,
        "highest": 0.9999997410726067,
        "highest_classfication": "sk",
        "lowest": 1.870686189175963e-06,
        "lowest_classification": "es",
        "nl": 1,
        "percentage": 88.4,
        "pl": 25,
        "pt": 2,
        "ro": 6,
        "sk": 884,
        "sl": 52,
        "sv": 6
    },
    "sl": {
        "confidence": 0.896074095057867,
        "correct": 971,
        "count": 1000,
        "el": 5,
        "en": 3,
        "es": 1,
        "et": 1,
        "fr": 7,
        "highest": 0.9999997410904048,
        "highest_classfication": "sl",
        "hu": 1,
        "it": 1,
        "lowest": 7.425667287996873e-05,
        "lowest_classification": "el",
        "nl": 1,
        "percentage": 97.1,
        "pl": 2,
        "pt": 1,
        "sk": 5,
        "sl": 971,
        "sv": 1
    },
    "sv": {
        "confidence": 0.868141988939569,
        "correct": 969,
        "count": 1000,
        "da": 12,
        "de": 1,
        "es": 2,
        "fi": 1,
        "highest": 0.999999741090407,
        "highest_classfication": "sv",
        "hu": 2,
        "it": 1,
        "lowest": 5.541081982141094e-08,
        "lowest_classification": "sv",
        "nl": 4,
        "percentage": 96.89999999999999,
        "sk": 8,
        "sv": 969
    }
}
